id,p
1,0.10239520958083818
2,0.10440414507772017
3,0.11943262411347502
4,0.48961748633879754
5,0.4022656249999999
6,0.0999999999999999
7,1.1882474226804123
8,0.4022656249999999
9,0.4022656249999999
10,0.48961748633879754
11,0.10815068493150662
12,0.11943262411347502
13,0.11414414414414402
14,0.11943262411347502
15,0.11943262411347502
16,0.6559872611464969
17,0.6559872611464969
18,0.6559872611464969
19,0.48961748633879754
20,0.156436170212766
21,0.11943262411347502
22,0.11943262411347502
23,0.12754601226993856
24,0.6559872611464969
25,0.11943262411347502
26,0.08025862068965524
27,0.113986928104575
28,0.113986928104575
29,0.11414414414414402
30,0.4297368421052632
31,0.31623711340206184
32,0.113986928104575
33,0.113986928104575
34,0.113986928104575
35,0.113986928104575
36,0.11943262411347502
37,0.11135294117647045
38,0.11135294117647045
39,0.113986928104575
40,0.11943262411347502
41,0.10815068493150662
42,0.11135294117647045
43,0.12754601226993856
44,0.11135294117647045
45,0.0999999999999999
46,0.11943262411347502
47,0.10239520958083818
48,0.11414414414414402
49,0.113986928104575
50,0.31623711340206184
51,0.4022656249999999
52,0.31623711340206184
53,0.48961748633879754
54,0.31623711340206184
55,0.11008928571428558
56,0.11008928571428558
57,0.10440414507772017
58,0.6559872611464969
59,0.12754601226993856
60,0.31623711340206184
61,0.31623711340206184
62,0.31623711340206184
63,0.48961748633879754
64,0.31623711340206184
65,0.10239520958083818
66,0.0999999999999999
67,0.10239520958083818
68,0.48961748633879754
69,0.48961748633879754
70,0.4022656249999999
71,0.113986928104575
72,0.11008928571428558
73,0.113986928104575
74,0.6559872611464969
75,0.4297368421052632
76,0.48961748633879754
77,0.31623711340206184
78,0.48961748633879754
79,0.4022656249999999
80,0.113986928104575
81,0.10239520958083818
82,0.10239520958083818
83,0.4297368421052632
84,0.31623711340206184
85,0.48961748633879754
86,0.31623711340206184
87,0.113986928104575
88,0.113986928104575
89,0.11008928571428558
90,0.113986928104575
91,0.10815068493150662
92,0.113986928104575
93,0.113986928104575
94,0.11135294117647045
95,0.10739999999999979
96,0.10440414507772017
97,0.10440414507772017
98,0.11135294117647045
99,0.10239520958083818
100,0.10239520958083818
101,0.10815068493150662
102,0.10239520958083818
103,0.6559872611464969
104,0.2621259842519686
105,0.10239520958083818
106,0.48961748633879754
107,0.6559872611464969
108,0.48961748633879754
109,0.6559872611464969
110,0.6559872611464969
111,0.48961748633879754
112,0.10739999999999979
113,0.10739999999999979
114,0.1036974789915965
115,0.10239520958083818
116,0.13776699029126196
117,0.10440414507772017
118,0.4297368421052632
119,0.6559872611464969
120,0.6559872611464969
121,0.4022656249999999
122,0.10739999999999979
123,0.10239520958083818
124,0.6559872611464969
125,0.4022656249999999
126,0.4022656249999999
127,0.4022656249999999
128,0.11135294117647045
129,0.113986928104575
130,0.113986928104575
131,0.12754601226993856
132,0.13776699029126196
133,0.4297368421052632
134,0.156436170212766
135,0.10739999999999979
136,0.10239520958083818
137,0.10239520958083818
138,0.10440414507772017
139,0.13776699029126196
140,0.1036974789915965
141,0.10739999999999979
142,0.0999999999999999
143,0.0999999999999999
144,0.10239520958083818
145,0.10440414507772017
146,0.10239520958083818
147,0.10239520958083818
148,0.0999999999999999
149,0.0999999999999999
150,0.10440414507772017
151,0.0999999999999999
152,0.10239520958083818
153,0.10239520958083818
154,0.10239520958083818
155,0.0999999999999999
156,0.11135294117647045
157,0.10239520958083818
158,0.4022656249999999
159,0.6559872611464969
160,0.4022656249999999
161,0.48961748633879754
162,0.2621259842519686
163,0.10739999999999979
164,0.4022656249999999
165,0.4022656249999999
166,0.48961748633879754
167,0.6559872611464969
168,0.6559872611464969
169,0.6559872611464969
170,0.1036974789915965
171,0.10739999999999979
172,0.0999999999999999
173,0.0999999999999999
174,0.48961748633879754
175,0.48961748633879754
176,0.48961748633879754
177,0.4022656249999999
178,0.31623711340206184
179,0.10239520958083818
180,0.08025862068965524
181,0.10440414507772017
182,0.6559872611464969
183,0.13776699029126196
184,0.31623711340206184
185,0.48961748633879754
186,0.48961748633879754
187,0.10739999999999979
188,0.0999999999999999
189,0.10239520958083818
190,0.4022656249999999
191,0.31623711340206184
192,0.4297368421052632
193,0.10239520958083818
194,0.0999999999999999
195,0.13776699029126196
196,0.10239520958083818
197,0.0999999999999999
198,0.0999999999999999
199,0.11135294117647045
200,0.0999999999999999
201,0.10239520958083818
202,0.10239520958083818
203,0.10739999999999979
204,0.10239520958083818
205,0.10239520958083818
206,0.13776699029126196
207,0.10239520958083818
208,0.0999999999999999
209,0.10239520958083818
210,0.10239520958083818
211,0.10239520958083818
212,0.0999999999999999
213,0.10739999999999979
214,0.0999999999999999
215,0.0999999999999999
216,0.10239520958083818
217,0.11135294117647045
218,0.0999999999999999
219,0.13776699029126196
220,0.10239520958083818
221,0.13776699029126196
222,0.48961748633879754
223,0.4022656249999999
224,0.6559872611464969
225,0.6559872611464969
226,0.48961748633879754
227,0.10739999999999979
228,0.13776699029126196
229,0.6559872611464969
230,0.156436170212766
231,0.31623711340206184
232,0.4297368421052632
233,0.4022656249999999
234,0.48961748633879754
235,0.10815068493150662
236,0.13776699029126196
237,0.11008928571428558
238,0.10815068493150662
239,0.10815068493150662
240,0.4297368421052632
241,0.4022656249999999
242,0.31623711340206184
243,0.10239520958083818
244,0.10440414507772017
245,0.2621259842519686
246,0.31623711340206184
247,0.4297368421052632
248,0.4022656249999999
249,0.48961748633879754
250,0.4022656249999999
251,0.48961748633879754
252,0.31623711340206184
253,0.11943262411347502
254,0.10239520958083818
255,0.10440414507772017
256,0.2621259842519686
257,0.11943262411347502
258,0.10239520958083818
259,0.10239520958083818
260,0.11414414414414402
261,0.10239520958083818
262,0.113986928104575
263,0.12754601226993856
264,0.11135294117647045
265,0.10239520958083818
266,0.11414414414414402
267,0.11414414414414402
268,0.10440414507772017
269,0.113986928104575
270,0.11008928571428558
271,0.0999999999999999
272,0.11135294117647045
273,0.11135294117647045
274,0.10815068493150662
275,0.10440414507772017
276,0.10239520958083818
277,0.08025862068965524
278,0.4297368421052632
279,0.31623711340206184
280,0.10815068493150662
281,0.11135294117647045
282,0.1947857142857143
283,0.48961748633879754
284,0.156436170212766
285,0.4022656249999999
286,0.6559872611464969
287,0.4022656249999999
288,0.11943262411347502
289,0.10239520958083818
290,0.11414414414414402
291,0.10440414507772017
292,0.10440414507772017
293,0.10239520958083818
294,0.4297368421052632
295,0.48961748633879754
296,0.4022656249999999
297,0.4022656249999999
298,0.48961748633879754
299,0.10239520958083818
300,0.6559872611464969
301,0.156436170212766
302,0.31623711340206184
303,0.48961748633879754
304,0.48961748633879754
305,0.113986928104575
306,0.11135294117647045
307,0.10239520958083818
308,0.11943262411347502
309,0.4297368421052632
310,0.31623711340206184
311,0.31623711340206184
312,0.156436170212766
313,0.11414414414414402
314,0.1036974789915965
315,0.10239520958083818
316,0.11135294117647045
317,0.10815068493150662
318,0.10739999999999979
319,0.11135294117647045
320,0.10239520958083818
321,0.11414414414414402
322,0.10440414507772017
323,0.10815068493150662
324,0.10239520958083818
325,0.10239520958083818
326,0.10440414507772017
327,0.10239520958083818
328,0.10239520958083818
329,0.11943262411347502
330,0.31623711340206184
331,0.4022656249999999
332,0.113986928104575
333,0.11414414414414402
334,0.10815068493150662
335,0.4297368421052632
336,0.4022656249999999
337,0.1036974789915965
338,0.03274074074074074
339,0.11008928571428558
340,0.11414414414414402
341,0.11008928571428558
342,0.31623711340206184
343,0.6559872611464969
344,0.6559872611464969
345,0.48961748633879754
346,0.2621259842519686
347,0.10239520958083818
348,0.11135294117647045
349,0.0999999999999999
350,0.10815068493150662
351,0.10239520958083818
352,0.13776699029126196
353,0.48961748633879754
354,0.4022656249999999
355,0.4022656249999999
356,0.2621259842519686
357,0.11008928571428558
358,0.10239520958083818
359,0.11008928571428558
360,0.13776699029126196
361,0.4297368421052632
362,0.4022656249999999
363,0.4022656249999999
364,0.2621259842519686
365,0.113986928104575
366,0.12754601226993856
367,0.11943262411347502
368,0.113986928104575
369,0.113986928104575
370,0.113986928104575
371,0.12754601226993856
372,0.11943262411347502
373,0.113986928104575
374,0.113986928104575
375,0.08025862068965524
376,0.10239520958083818
377,0.113986928104575
378,0.13776699029126196
379,0.113986928104575
380,0.113986928104575
381,0.12754601226993856
382,0.113986928104575
383,0.11135294117647045
384,0.11943262411347502
385,0.11943262411347502
386,0.12754601226993856
387,0.13776699029126196
388,0.11943262411347502
389,0.12754601226993856
390,0.4297368421052632
391,0.31623711340206184
392,0.48961748633879754
393,0.31623711340206184
394,0.4022656249999999
395,0.2621259842519686
396,0.10739999999999979
397,0.11943262411347502
398,0.12754601226993856
399,0.10440414507772017
400,0.10440414507772017
401,0.13776699029126196
402,0.4297368421052632
403,0.4022656249999999
404,0.31623711340206184
405,0.10815068493150662
406,0.113986928104575
407,0.13776699029126196
408,0.4297368421052632
409,0.6559872611464969
410,0.2621259842519686
411,0.10239520958083818
412,0.10239520958083818
413,0.10239520958083818
414,0.4022656249999999
415,0.31623711340206184
416,0.6559872611464969
417,0.48961748633879754
418,0.48961748633879754
419,0.48961748633879754
420,0.31623711340206184
421,0.10239520958083818
422,0.13776699029126196
423,0.10239520958083818
424,0.0999999999999999
425,0.12754601226993856
426,0.156436170212766
427,0.10239520958083818
428,0.10239520958083818
429,0.10239520958083818
430,0.10239520958083818
431,0.10239520958083818
432,0.0999999999999999
433,0.1036974789915965
434,0.0999999999999999
435,0.03274074074074074
436,0.0999999999999999
437,0.11135294117647045
438,0.10239520958083818
439,0.0999999999999999
440,0.10440414507772017
441,0.0999999999999999
442,0.0999999999999999
443,0.1036974789915965
444,0.11135294117647045
445,0.0999999999999999
446,0.10239520958083818
447,0.10440414507772017
448,0.10239520958083818
449,0.0999999999999999
450,0.10239520958083818
451,0.4297368421052632
452,0.48961748633879754
453,0.4022656249999999
454,0.31623711340206184
455,0.10739999999999979
456,0.10815068493150662
457,0.4297368421052632
458,0.6559872611464969
459,0.0999999999999999
460,0.10440414507772017
461,0.4297368421052632
462,0.4022656249999999
463,0.6559872611464969
464,0.48961748633879754
465,0.11943262411347502
466,0.10239520958083818
467,0.11135294117647045
468,0.10239520958083818
469,0.10239520958083818
470,0.156436170212766
471,0.4297368421052632
472,0.4022656249999999
473,0.4022656249999999
474,0.2621259842519686
475,0.11135294117647045
476,0.10239520958083818
477,0.13776699029126196
478,0.10239520958083818
479,0.31623711340206184
480,0.2621259842519686
481,0.10239520958083818
482,0.0999999999999999
483,0.10739999999999979
484,0.1036974789915965
485,0.10440414507772017
486,0.13776699029126196
487,0.0999999999999999
488,0.10239520958083818
489,0.10239520958083818
490,0.10239520958083818
491,0.10239520958083818
492,0.0999999999999999
493,0.10440414507772017
494,0.10239520958083818
495,0.10239520958083818
496,0.0999999999999999
497,0.11135294117647045
498,0.11135294117647045
499,0.10440414507772017
500,0.10239520958083818
501,0.08025862068965524
502,0.10440414507772017
503,0.4297368421052632
504,0.4022656249999999
505,0.31623711340206184
506,0.31623711340206184
507,0.10739999999999979
508,0.10239520958083818
509,0.11414414414414402
510,0.4297368421052632
511,0.1947857142857143
512,0.4022656249999999
513,0.48961748633879754
514,0.6559872611464969
515,0.6559872611464969
516,0.6559872611464969
517,0.10239520958083818
518,0.11414414414414402
519,0.6559872611464969
520,0.6559872611464969
521,0.6559872611464969
522,0.6559872611464969
523,0.31623711340206184
524,0.10739999999999979
525,0.0999999999999999
526,0.48961748633879754
527,0.48961748633879754
528,0.4022656249999999
529,0.31623711340206184
530,0.6559872611464969
531,0.10239520958083818
532,0.1036974789915965
533,0.10739999999999979
534,0.10239520958083818
535,0.10239520958083818
536,0.10239520958083818
537,0.11008928571428558
538,0.10239520958083818
539,0.10239520958083818
540,0.11135294117647045
541,0.11008928571428558
542,0.10239520958083818
543,0.10239520958083818
544,0.11414414414414402
545,0.10239520958083818
546,0.11943262411347502
547,0.11135294117647045
548,0.11943262411347502
549,0.10239520958083818
550,0.10739999999999979
551,0.1036974789915965
552,0.10739999999999979
553,0.113986928104575
554,0.2621259842519686
555,0.31623711340206184
556,0.11414414414414402
557,0.2621259842519686
558,0.31623711340206184
559,0.31623711340206184
560,0.2621259842519686
561,0.113986928104575
562,0.10815068493150662
563,0.113986928104575
564,0.10815068493150662
565,0.6559872611464969
566,0.48961748633879754
567,0.48961748633879754
568,0.10815068493150662
569,0.10440414507772017
570,0.1947857142857143
571,0.2621259842519686
572,0.12754601226993856
573,0.1036974789915965
574,0.10239520958083818
575,0.1036974789915965
576,0.08025862068965524
577,0.10239520958083818
578,0.0999999999999999
579,0.10239520958083818
580,0.11135294117647045
581,0.0999999999999999
582,0.10239520958083818
583,0.10739999999999979
584,0.0999999999999999
585,0.10239520958083818
586,0.10239520958083818
587,0.10440414507772017
588,0.0999999999999999
589,0.10239520958083818
590,0.10239520958083818
591,0.11135294117647045
592,0.03274074074074074
593,0.0999999999999999
594,0.0999999999999999
595,0.1036974789915965
596,0.10239520958083818
597,0.0999999999999999
598,0.10022222222222205
599,0.13776699029126196
600,0.1947857142857143
601,0.1947857142857143
602,0.2621259842519686
603,0.10440414507772017
604,0.4297368421052632
605,0.48961748633879754
606,0.48961748633879754
607,0.4022656249999999
608,0.4022656249999999
609,0.31623711340206184
610,0.10022222222222205
611,0.10022222222222205
612,0.1947857142857143
613,0.6559872611464969
614,0.6559872611464969
615,0.6559872611464969
616,0.09777777777777764
617,0.1036974789915965
618,0.10022222222222205
619,0.2621259842519686
620,0.4022656249999999
621,0.48961748633879754
622,0.4022656249999999
623,0.156436170212766
624,0.09777777777777764
625,0.10022222222222205
626,0.0999999999999999
627,0.1947857142857143
628,0.11943262411347502
629,0.10022222222222205
630,0.10022222222222205
631,0.0999999999999999
632,0.1036974789915965
633,0.10739999999999979
634,0.0999999999999999
635,0.0999999999999999
636,0.13776699029126196
637,0.0999999999999999
638,0.0999999999999999
639,0.10739999999999979
640,0.09777777777777764
641,0.10739999999999979
642,0.0999999999999999
643,0.1036974789915965
644,0.0999999999999999
645,0.10022222222222205
646,0.13776699029126196
647,0.10022222222222205
648,0.10022222222222205
649,0.4297368421052632
650,0.4297368421052632
651,0.31623711340206184
652,0.31623711340206184
653,0.31623711340206184
654,0.10440414507772017
655,0.6559872611464969
656,0.11943262411347502
657,0.2621259842519686
658,0.156436170212766
659,0.1036974789915965
660,0.10022222222222205
661,0.10022222222222205
662,0.1947857142857143
663,0.48961748633879754
664,0.31623711340206184
665,0.4022656249999999
666,0.08025862068965524
667,0.10815068493150662
668,0.13776699029126196
669,0.11008928571428558
670,0.4022656249999999
671,0.31623711340206184
672,0.31623711340206184
673,0.4022656249999999
674,0.31623711340206184
675,0.10022222222222205
676,0.10022222222222205
677,0.0999999999999999
678,0.13776699029126196
679,0.09777777777777764
680,0.10022222222222205
681,0.13776699029126196
682,0.4297368421052632
683,0.1947857142857143
684,0.1947857142857143
685,0.1947857142857143
686,0.1947857142857143
687,0.1947857142857143
688,0.1947857142857143
689,0.1947857142857143
690,0.1947857142857143
691,0.1947857142857143
692,0.1947857142857143
693,0.1947857142857143
694,0.1947857142857143
695,0.1947857142857143
696,0.1947857142857143
697,0.1947857142857143
698,0.1947857142857143
699,0.1947857142857143
700,0.156436170212766
701,0.1947857142857143
702,0.1947857142857143
703,0.1947857142857143
704,0.1947857142857143
705,0.1947857142857143
706,0.1947857142857143
707,0.156436170212766
708,0.1947857142857143
709,0.1947857142857143
710,0.1947857142857143
711,0.1947857142857143
712,0.1947857142857143
713,0.156436170212766
714,0.2621259842519686
715,0.31623711340206184
716,0.11943262411347502
717,0.10022222222222205
718,0.1036974789915965
719,0.09777777777777764
720,0.09777777777777764
721,0.0999999999999999
722,0.10739999999999979
723,0.0999999999999999
724,0.10022222222222205
725,0.10440414507772017
726,0.2621259842519686
727,0.31623711340206184
728,0.48961748633879754
729,0.1947857142857143
730,0.10440414507772017
731,0.11943262411347502
732,0.1947857142857143
733,0.0999999999999999
734,0.10739999999999979
735,0.03274074074074074
736,0.10440414507772017
737,0.10022222222222205
738,0.11414414414414402
739,0.10022222222222205
740,0.2621259842519686
741,0.48961748633879754
742,0.31623711340206184
743,0.1036974789915965
744,0.10022222222222205
745,0.0999999999999999
746,0.10440414507772017
747,0.10022222222222205
748,0.11414414414414402
749,0.10022222222222205
750,0.1036974789915965
751,0.10022222222222205
752,0.0999999999999999
753,0.0999999999999999
754,0.09777777777777764
755,0.10739999999999979
756,0.0999999999999999
757,0.10440414507772017
758,0.10440414507772017
759,0.09777777777777764
760,0.10739999999999979
761,0.1036974789915965
762,0.0999999999999999
763,0.0999999999999999
764,0.156436170212766
765,0.156436170212766
766,0.2621259842519686
767,0.2621259842519686
768,0.1947857142857143
769,0.113986928104575
770,0.1036974789915965
771,0.10815068493150662
772,0.11008928571428558
773,0.10815068493150662
774,0.11414414414414402
775,0.10440414507772017
776,0.156436170212766
777,0.48961748633879754
778,0.31623711340206184
779,0.4022656249999999
780,0.11135294117647045
781,0.11943262411347502
782,0.1947857142857143
783,0.2621259842519686
784,0.10440414507772017
785,0.2621259842519686
786,0.11943262411347502
787,0.1947857142857143
788,0.2621259842519686
789,0.113986928104575
790,0.10440414507772017
791,0.113986928104575
792,0.10815068493150662
793,0.1947857142857143
794,0.0999999999999999
795,0.1036974789915965
796,0.09777777777777764
797,0.10440414507772017
798,0.11414414414414402
799,0.0999999999999999
800,0.1036974789915965
801,0.0999999999999999
802,0.10739999999999979
803,0.10022222222222205
804,0.10022222222222205
805,0.10022222222222205
806,0.10440414507772017
807,0.0999999999999999
808,0.0999999999999999
809,0.0999999999999999
810,0.0999999999999999
811,0.0999999999999999
812,0.0999999999999999
813,0.10022222222222205
814,0.156436170212766
815,0.156436170212766
816,0.0999999999999999
817,0.09777777777777764
818,0.10022222222222205
819,0.6559872611464969
820,0.1947857142857143
821,0.31623711340206184
822,0.48961748633879754
823,0.4022656249999999
824,0.156436170212766
825,0.10022222222222205
826,0.10022222222222205
827,0.09777777777777764
828,0.10440414507772017
829,0.13776699029126196
830,0.11943262411347502
831,0.1947857142857143
832,0.1947857142857143
833,0.1947857142857143
834,0.1947857142857143
835,0.10815068493150662
836,0.09777777777777764
837,0.48961748633879754
838,0.11943262411347502
839,0.09777777777777764
840,0.10440414507772017
841,0.4022656249999999
842,0.4022656249999999
843,0.31623711340206184
844,0.2621259842519686
845,0.10815068493150662
846,0.09777777777777764
847,0.1036974789915965
848,0.10440414507772017
849,0.0999999999999999
850,0.11135294117647045
851,0.10022222222222205
852,0.11008928571428558
853,0.10022222222222205
854,0.113986928104575
855,0.09777777777777764
856,0.10022222222222205
857,0.10739999999999979
858,0.11008928571428558
859,0.09777777777777764
860,0.13776699029126196
861,0.10022222222222205
862,0.1947857142857143
863,0.48961748633879754
864,0.113986928104575
865,0.10739999999999979
866,0.13776699029126196
867,0.4297368421052632
868,0.156436170212766
869,0.31623711340206184
870,0.2621259842519686
871,0.2621259842519686
872,0.156436170212766
873,0.113986928104575
874,0.1947857142857143
875,0.11008928571428558
876,0.10815068493150662
877,0.08025862068965524
878,0.156436170212766
879,0.10440414507772017
880,0.10022222222222205
881,0.6559872611464969
882,0.1947857142857143
883,0.156436170212766
884,0.1947857142857143
885,0.10815068493150662
886,0.10022222222222205
887,0.31623711340206184
888,0.11943262411347502
889,0.1947857142857143
890,0.1947857142857143
891,0.10022222222222205
892,0.0999999999999999
893,0.10022222222222205
894,0.09777777777777764
895,0.10022222222222205
896,0.10022222222222205
897,0.10022222222222205
898,0.09777777777777764
899,0.10739999999999979
900,0.10022222222222205
901,0.09777777777777764
902,0.13776699029126196
903,0.10022222222222205
904,0.0999999999999999
905,0.11135294117647045
906,0.08025862068965524
907,0.10739999999999979
908,0.10440414507772017
909,0.1036974789915965
910,0.09777777777777764
911,0.10022222222222205
912,0.10022222222222205
913,0.11135294117647045
914,0.10440414507772017
915,0.0999999999999999
916,0.31623711340206184
917,0.2621259842519686
918,0.1947857142857143
919,0.2621259842519686
920,0.10022222222222205
921,0.0999999999999999
922,0.11135294117647045
923,0.10022222222222205
924,0.0999999999999999
925,0.11943262411347502
926,1.1882474226804123
927,0.48961748633879754
928,0.0999999999999999
929,0.13776699029126196
930,0.10440414507772017
931,0.156436170212766
932,0.156436170212766
933,1.5341935483870965
934,1.1882474226804123
935,1.1882474226804123
936,0.113986928104575
937,0.0999999999999999
938,0.09777777777777764
939,0.11414414414414402
940,0.10022222222222205
941,0.11414414414414402
942,1.1882474226804123
943,0.2621259842519686
944,1.1882474226804123
945,0.10022222222222205
946,0.09777777777777764
947,0.0999999999999999
948,0.0999999999999999
949,0.10022222222222205
950,0.10739999999999979
951,0.10022222222222205
952,0.1036974789915965
953,0.10440414507772017
954,0.0999999999999999
955,0.0999999999999999
956,0.10739999999999979
957,0.10022222222222205
958,0.0999999999999999
959,0.11008928571428558
960,0.11135294117647045
961,0.0999999999999999
962,0.10440414507772017
963,0.12754601226993856
964,0.11135294117647045
965,0.12754601226993856
966,0.12754601226993856
967,0.10739999999999979
968,0.1036974789915965
969,0.09777777777777764
970,0.09777777777777764
971,0.11414414414414402
972,0.31623711340206184
973,0.31623711340206184
974,0.2621259842519686
975,0.156436170212766
976,0.0999999999999999
977,0.08025862068965524
978,0.10022222222222205
979,0.113986928104575
980,0.09777777777777764
981,0.11414414414414402
982,0.2621259842519686
983,0.4297368421052632
984,0.2621259842519686
985,0.10739999999999979
986,0.09777777777777764
987,0.09777777777777764
988,1.1882474226804123
989,1.1882474226804123
990,0.1947857142857143
991,0.10739999999999979
992,0.1036974789915965
993,0.09777777777777764
994,0.10022222222222205
995,1.1882474226804123
996,1.1882474226804123
997,1.1882474226804123
998,0.113986928104575
999,0.0999999999999999
1000,0.08025862068965524
1001,0.0999999999999999
1002,0.09777777777777764
1003,0.10440414507772017
1004,0.10022222222222205
1005,0.11135294117647045
1006,0.10022222222222205
1007,0.09777777777777764
1008,0.10440414507772017
1009,0.08025862068965524
1010,0.0999999999999999
1011,0.09777777777777764
1012,0.1036974789915965
1013,0.10739999999999979
1014,0.0999999999999999
1015,0.09777777777777764
1016,0.0999999999999999
1017,0.0999999999999999
1018,0.1947857142857143
1019,0.1947857142857143
1020,0.1947857142857143
1021,0.1947857142857143
1022,0.10022222222222205
1023,0.10022222222222205
1024,0.10440414507772017
1025,0.11414414414414402
1026,0.4297368421052632
1027,1.1882474226804123
1028,1.1882474226804123
1029,1.1882474226804123
1030,0.48961748633879754
1031,0.1947857142857143
1032,0.1036974789915965
1033,0.10815068493150662
1034,0.08025862068965524
1035,0.156436170212766
1036,0.156436170212766
1037,0.156436170212766
1038,0.11135294117647045
1039,0.0999999999999999
1040,0.11135294117647045
1041,0.08025862068965524
1042,0.6559872611464969
1043,0.1947857142857143
1044,0.31623711340206184
1045,0.11943262411347502
1046,0.113986928104575
1047,0.11135294117647045
1048,0.09777777777777764
1049,0.13776699029126196
1050,0.4297368421052632
1051,0.1947857142857143
1052,0.156436170212766
1053,0.11135294117647045
1054,0.113986928104575
1055,0.0999999999999999
1056,0.0999999999999999
1057,0.0999999999999999
1058,0.10022222222222205
1059,0.10440414507772017
1060,0.0999999999999999
1061,0.10022222222222205
1062,0.0999999999999999
1063,0.10022222222222205
1064,0.03274074074074074
1065,0.10440414507772017
1066,0.0999999999999999
1067,0.10022222222222205
1068,0.10022222222222205
1069,0.10440414507772017
1070,0.10440414507772017
1071,0.1036974789915965
1072,0.09777777777777764
1073,0.10022222222222205
1074,0.11135294117647045
1075,0.0999999999999999
1076,0.08025862068965524
1077,0.10440414507772017
1078,0.13776699029126196
1079,0.0999999999999999
1080,0.1947857142857143
1081,0.1947857142857143
1082,0.156436170212766
1083,0.156436170212766
1084,0.113986928104575
1085,0.10022222222222205
1086,0.1036974789915965
1087,0.10022222222222205
1088,0.11008928571428558
1089,0.31623711340206184
1090,0.4297368421052632
1091,0.48961748633879754
1092,0.08025862068965524
1093,1.1882474226804123
1094,1.1882474226804123
1095,0.156436170212766
1096,0.08025862068965524
1097,0.03274074074074074
1098,0.08025862068965524
1099,0.4297368421052632
1100,1.1882474226804123
1101,1.1882474226804123
1102,0.12754601226993856
1103,0.03274074074074074
1104,0.08025862068965524
1105,0.08025862068965524
1106,0.1947857142857143
1107,0.2621259842519686
1108,0.31623711340206184
1109,0.4022656249999999
1110,0.156436170212766
1111,0.1947857142857143
1112,0.156436170212766
1113,0.156436170212766
1114,0.08025862068965524
1115,0.156436170212766
1116,0.08025862068965524
1117,0.03274074074074074
1118,0.156436170212766
1119,0.08025862068965524
1120,0.08025862068965524
1121,0.03274074074074074
1122,0.156436170212766
1123,0.156436170212766
1124,0.08025862068965524
1125,0.08025862068965524
1126,0.08025862068965524
1127,0.156436170212766
1128,0.08025862068965524
1129,1.1882474226804123
1130,1.5341935483870965
1131,1.1882474226804123
1132,1.5341935483870965
1133,1.5341935483870965
1134,0.156436170212766
1135,0.6559872611464969
1136,0.156436170212766
1137,1.1882474226804123
1138,1.1882474226804123
1139,1.5341935483870965
1140,0.10815068493150662
1141,0.08025862068965524
1142,0.08025862068965524
1143,0.12754601226993856
1144,0.03274074074074074
1145,1.5341935483870965
1146,1.1882474226804123
1147,1.5341935483870965
1148,0.156436170212766
1149,0.48961748633879754
1150,1.1882474226804123
1151,1.1882474226804123
1152,0.1947857142857143
1153,0.156436170212766
1154,0.12754601226993856
1155,0.156436170212766
1156,1.5341935483870965
1157,1.1882474226804123
1158,1.1882474226804123
1159,1.1882474226804123
1160,0.156436170212766
1161,0.12754601226993856
1162,0.11135294117647045
1163,0.03274074074074074
1164,0.08025862068965524
1165,0.08025862068965524
1166,0.08025862068965524
1167,0.08025862068965524
1168,0.156436170212766
1169,0.156436170212766
1170,0.156436170212766
1171,0.08025862068965524
1172,0.08025862068965524
1173,0.1947857142857143
1174,0.08025862068965524
1175,0.12754601226993856
1176,0.156436170212766
1177,0.156436170212766
1178,0.12754601226993856
1179,0.08025862068965524
1180,0.156436170212766
1181,0.1947857142857143
1182,1.5341935483870965
1183,1.1882474226804123
1184,1.1882474226804123
1185,0.12754601226993856
1186,0.12754601226993856
1187,0.08025862068965524
1188,0.12754601226993856
1189,0.08025862068965524
1190,0.4297368421052632
1191,0.2621259842519686
1192,1.1882474226804123
1193,1.5341935483870965
1194,1.1882474226804123
1195,1.1882474226804123
1196,1.1882474226804123
1197,0.08025862068965524
1198,0.12754601226993856
1199,0.08025862068965524
1200,1.1882474226804123
1201,1.5341935483870965
1202,0.31623711340206184
1203,0.08025862068965524
1204,0.2621259842519686
1205,0.1947857142857143
1206,0.4297368421052632
1207,0.156436170212766
1208,1.5341935483870965
1209,1.1882474226804123
1210,0.156436170212766
1211,0.156436170212766
1212,0.03274074074074074
1213,0.12754601226993856
1214,0.1947857142857143
1215,0.08025862068965524
1216,0.2621259842519686
1217,0.156436170212766
1218,0.08025862068965524
1219,0.08025862068965524
1220,0.156436170212766
1221,0.03274074074074074
1222,0.156436170212766
1223,0.08025862068965524
1224,0.156436170212766
1225,0.03274074074074074
1226,0.156436170212766
1227,0.03274074074074074
1228,0.156436170212766
1229,0.08025862068965524
1230,0.12754601226993856
1231,0.12754601226993856
1232,0.12754601226993856
1233,0.12754601226993856
1234,0.08025862068965524
1235,0.12754601226993856
1236,0.08025862068965524
1237,0.156436170212766
1238,0.08025862068965524
1239,0.03274074074074074
1240,0.12754601226993856
1241,1.5341935483870965
1242,0.2621259842519686
1243,0.31623711340206184
1244,0.156436170212766
1245,0.08025862068965524
1246,0.4297368421052632
1247,1.1882474226804123
1248,1.1882474226804123
1249,1.1882474226804123
1250,0.4297368421052632
1251,0.08025862068965524
1252,0.156436170212766
1253,0.08025862068965524
1254,0.12754601226993856
1255,0.08025862068965524
1256,0.1947857142857143
1257,1.1882474226804123
1258,0.08025862068965524
1259,0.2621259842519686
1260,0.10815068493150662
1261,0.156436170212766
1262,0.08025862068965524
1263,0.12754601226993856
1264,0.12754601226993856
1265,0.08025862068965524
1266,1.5341935483870965
1267,1.1882474226804123
1268,1.5341935483870965
1269,1.1882474226804123
1270,1.5341935483870965
1271,0.2621259842519686
1272,0.12754601226993856
1273,0.08025862068965524
1274,0.156436170212766
1275,0.156436170212766
1276,0.12754601226993856
1277,0.03274074074074074
1278,1.1882474226804123
1279,1.1882474226804123
1280,0.156436170212766
1281,0.08025862068965524
1282,0.156436170212766
1283,0.08025862068965524
1284,0.12754601226993856
1285,0.08025862068965524
1286,0.12754601226993856
1287,0.08025862068965524
1288,0.08025862068965524
1289,0.12754601226993856
1290,0.08025862068965524
1291,0.10815068493150662
1292,0.12754601226993856
1293,0.12754601226993856
1294,0.1947857142857143
1295,0.12754601226993856
1296,0.12754601226993856
1297,0.12754601226993856
1298,0.03274074074074074
1299,0.156436170212766
1300,0.08025862068965524
1301,0.156436170212766
1302,0.12754601226993856
1303,0.08025862068965524
1304,0.12754601226993856
1305,1.5341935483870965
1306,1.1882474226804123
1307,0.0999999999999999
1308,0.0999999999999999
1309,0.03274074074074074
1310,0.03274074074074074
1311,0.03274074074074074
1312,0.03274074074074074
1313,0.1947857142857143
1314,0.08025862068965524
1315,0.156436170212766
1316,1.5341935483870965
1317,0.31623711340206184
1318,0.4297368421052632
1319,0.11135294117647045
1320,0.10022222222222205
1321,0.09777777777777764
1322,0.11135294117647045
1323,0.10849673202614361
1324,0.10849673202614361
1325,0.6559872611464969
1326,1.5341935483870965
1327,1.1882474226804123
1328,0.156436170212766
1329,0.11008928571428558
1330,0.10739999999999979
1331,0.09777777777777764
1332,0.11008928571428558
1333,0.13776699029126196
1334,1.5341935483870965
1335,1.1882474226804123
1336,1.1882474226804123
1337,0.10849673202614361
1338,0.09777777777777764
1339,0.09777777777777764
1340,0.10815068493150662
1341,0.10849673202614361
1342,0.10022222222222205
1343,0.03274074074074074
1344,0.1036974789915965
1345,0.10815068493150662
1346,0.11008928571428558
1347,0.10849673202614361
1348,0.10849673202614361
1349,0.10815068493150662
1350,0.13776699029126196
1351,0.10849673202614361
1352,0.10849673202614361
1353,0.10022222222222205
1354,0.09777777777777764
1355,0.10815068493150662
1356,1.1882474226804123
1357,1.5341935483870965
1358,1.1882474226804123
1359,1.1882474226804123
1360,0.11943262411347502
1361,0.1036974789915965
1362,0.10849673202614361
1363,0.11943262411347502
1364,1.1882474226804123
1365,1.1882474226804123
1366,1.1882474226804123
1367,1.1882474226804123
1368,0.13776699029126196
1369,0.10815068493150662
1370,0.09777777777777764
1371,0.10815068493150662
1372,0.13776699029126196
1373,1.1882474226804123
1374,1.5341935483870965
1375,1.1882474226804123
1376,0.10849673202614361
1377,0.113986928104575
1378,0.13776699029126196
1379,1.1882474226804123
1380,1.1882474226804123
1381,0.2621259842519686
1382,0.12754601226993856
1383,0.09777777777777764
1384,0.09777777777777764
1385,0.10849673202614361
1386,0.13776699029126196
1387,0.10440414507772017
1388,0.10815068493150662
1389,0.1947857142857143
1390,0.09777777777777764
1391,0.1036974789915965
1392,0.10440414507772017
1393,0.113986928104575
1394,0.10849673202614361
1395,0.10849673202614361
1396,0.1036974789915965
1397,0.09777777777777764
1398,0.12754601226993856
1399,0.12754601226993856
1400,0.10815068493150662
1401,0.09777777777777764
1402,0.12754601226993856
1403,0.12754601226993856
1404,1.1882474226804123
1405,1.1882474226804123
1406,1.1882474226804123
1407,0.09777777777777764
1408,0.11008928571428558
1409,0.48961748633879754
1410,1.1882474226804123
1411,1.1882474226804123
1412,1.5341935483870965
1413,1.1882474226804123
1414,0.2621259842519686
1415,0.11008928571428558
1416,0.11414414414414402
1417,1.5341935483870965
1418,1.1882474226804123
1419,1.1882474226804123
1420,0.10849673202614361
1421,0.12754601226993856
1422,0.113986928104575
1423,0.10440414507772017
1424,1.5341935483870965
1425,1.5341935483870965
1426,1.1882474226804123
1427,0.09777777777777764
1428,0.10815068493150662
1429,0.1036974789915965
1430,0.10022222222222205
1431,0.10022222222222205
1432,1.1882474226804123
1433,0.10815068493150662
1434,0.11414414414414402
1435,0.10022222222222205
1436,0.10022222222222205
1437,0.10849673202614361
1438,0.10849673202614361
1439,0.11135294117647045
1440,0.09777777777777764
1441,0.10022222222222205
1442,0.10022222222222205
1443,0.11008928571428558
1444,0.11008928571428558
1445,0.10739999999999979
1446,0.11135294117647045
1447,0.10815068493150662
1448,0.10815068493150662
1449,1.5341935483870965
1450,1.5341935483870965
1451,1.5341935483870965
1452,1.1882474226804123
1453,0.2621259842519686
1454,0.156436170212766
1455,0.10022222222222205
1456,0.11943262411347502
1457,0.11943262411347502
1458,0.10849673202614361
1459,0.10440414507772017
1460,0.31623711340206184
1461,0.4297368421052632
1462,0.11135294117647045
1463,0.10849673202614361
1464,0.11943262411347502
1465,0.10849673202614361
1466,0.11414414414414402
1467,0.1947857142857143
1468,0.4297368421052632
1469,1.5341935483870965
1470,0.156436170212766
1471,0.1036974789915965
1472,0.10022222222222205
1473,0.113986928104575
1474,0.03274074074074074
1475,0.6559872611464969
1476,1.5341935483870965
1477,1.1882474226804123
1478,0.10815068493150662
1479,0.1036974789915965
1480,0.10815068493150662
1481,0.09777777777777764
1482,0.10849673202614361
1483,0.09777777777777764
1484,1.1882474226804123
1485,0.1947857142857143
1486,0.1947857142857143
1487,0.10022222222222205
1488,0.03274074074074074
1489,0.10022222222222205
1490,0.11008928571428558
1491,0.10849673202614361
1492,0.11414414414414402
1493,0.10022222222222205
1494,0.10849673202614361
1495,0.10815068493150662
1496,0.11008928571428558
1497,0.11135294117647045
1498,0.113986928104575
1499,0.10440414507772017
1500,0.10815068493150662
1501,0.10440414507772017
1502,0.10022222222222205
1503,0.09777777777777764
1504,0.09777777777777764
1505,0.10815068493150662
1506,0.12754601226993856
1507,0.1036974789915965
1508,0.12754601226993856
1509,0.12754601226993856
1510,0.10849673202614361
1511,0.11414414414414402
1512,1.1882474226804123
1513,1.1882474226804123
1514,0.11943262411347502
1515,0.10022222222222205
1516,0.10849673202614361
1517,1.1882474226804123
1518,1.5341935483870965
1519,1.1882474226804123
1520,1.1882474226804123
1521,1.5341935483870965
1522,0.10849673202614361
1523,0.10739999999999979
1524,0.11135294117647045
1525,0.13776699029126196
1526,0.10440414507772017
1527,0.10815068493150662
1528,0.10440414507772017
1529,0.11135294117647045
1530,0.10849673202614361
1531,0.113986928104575
1532,0.10739999999999979
1533,0.11135294117647045
1534,0.10849673202614361
1535,0.10440414507772017
1536,0.10440414507772017
1537,1.1882474226804123
1538,1.1882474226804123
1539,0.10849673202614361
1540,0.10849673202614361
1541,0.10849673202614361
1542,0.11943262411347502
1543,0.12754601226993856
1544,1.5341935483870965
1545,0.10739999999999979
1546,0.11008928571428558
1547,0.10849673202614361
1548,0.13776699029126196
1549,0.10849673202614361
1550,0.10022222222222205
1551,0.11943262411347502
1552,0.09777777777777764
1553,0.11135294117647045
1554,0.113986928104575
1555,0.13776699029126196
1556,0.10849673202614361
1557,0.13776699029126196
1558,0.11943262411347502
1559,0.1036974789915965
1560,0.10849673202614361
1561,0.09777777777777764
1562,0.09777777777777764
1563,1.5341935483870965
1564,1.5341935483870965
1565,0.10849673202614361
1566,0.10739999999999979
1567,0.10849673202614361
1568,1.5341935483870965
1569,1.5341935483870965
1570,1.5341935483870965
1571,0.10849673202614361
1572,0.11135294117647045
1573,0.10440414507772017
1574,0.10849673202614361
1575,1.5341935483870965
1576,1.5341935483870965
1577,1.5341935483870965
1578,0.10815068493150662
1579,0.10440414507772017
1580,1.5341935483870965
1581,1.5341935483870965
1582,1.1882474226804123
1583,0.13776699029126196
1584,0.09777777777777764
1585,0.10022222222222205
1586,0.10815068493150662
1587,1.5341935483870965
1588,1.5341935483870965
1589,1.5341935483870965
1590,0.10739999999999979
1591,0.10849673202614361
1592,0.13776699029126196
1593,0.113986928104575
1594,0.10440414507772017
1595,0.11135294117647045
1596,0.10739999999999979
1597,0.113986928104575
1598,0.113986928104575
1599,0.10815068493150662
1600,0.10849673202614361
1601,0.11135294117647045
1602,0.10739999999999979
1603,0.11008928571428558
1604,0.113986928104575
1605,0.09777777777777764
1606,0.09777777777777764
1607,0.31623711340206184
1608,1.1882474226804123
1609,0.156436170212766
1610,0.11943262411347502
1611,0.11135294117647045
1612,1.1882474226804123
1613,1.1882474226804123
1614,1.5341935483870965
1615,0.2621259842519686
1616,0.1036974789915965
1617,0.10815068493150662
1618,0.10739999999999979
1619,0.10849673202614361
1620,0.10815068493150662
1621,0.13776699029126196
1622,1.5341935483870965
1623,1.5341935483870965
1624,1.1882474226804123
1625,0.156436170212766
1626,0.11943262411347502
1627,0.11943262411347502
1628,0.113986928104575
1629,0.113986928104575
1630,1.5341935483870965
1631,0.4022656249999999
1632,0.31623711340206184
1633,0.09777777777777764
1634,0.10849673202614361
1635,0.12754601226993856
1636,0.12754601226993856
1637,0.1947857142857143
1638,1.1882474226804123
1639,1.1882474226804123
1640,0.1947857142857143
1641,0.11135294117647045
1642,0.11943262411347502
1643,0.10440414507772017
1644,0.09777777777777764
1645,0.11135294117647045
1646,0.11943262411347502
1647,0.03274074074074074
1648,0.11414414414414402
1649,0.10815068493150662
1650,0.113986928104575
1651,0.113986928104575
1652,0.12754601226993856
1653,0.11135294117647045
1654,0.10815068493150662
1655,0.10022222222222205
1656,0.10849673202614361
1657,1.5341935483870965
1658,1.1882474226804123
1659,0.2621259842519686
1660,0.12754601226993856
1661,0.1036974789915965
1662,0.10849673202614361
1663,0.48961748633879754
1664,1.5341935483870965
1665,0.156436170212766
1666,0.113986928104575
1667,0.10739999999999979
1668,0.11135294117647045
1669,0.10849673202614361
1670,0.11008928571428558
1671,0.11414414414414402
1672,0.10815068493150662
1673,0.48961748633879754
1674,1.5341935483870965
1675,1.5341935483870965
1676,1.5341935483870965
1677,1.1882474226804123
1678,0.10849673202614361
1679,0.03274074074074074
1680,0.03274074074074074
1681,0.03274074074074074
1682,0.03274074074074074
1683,0.03274074074074074
1684,0.03274074074074074
1685,1.5341935483870965
1686,1.5341935483870965
1687,1.1882474226804123
1688,0.10849673202614361
1689,0.10739999999999979
1690,0.09777777777777764
1691,1.1882474226804123
1692,1.1882474226804123
1693,1.1882474226804123
1694,0.10849673202614361
1695,0.10815068493150662
1696,0.11414414414414402
1697,0.10440414507772017
1698,0.10022222222222205
1699,0.10815068493150662
1700,0.10815068493150662
1701,0.10440414507772017
1702,0.10815068493150662
1703,0.03274074074074074
1704,0.10739999999999979
1705,0.10849673202614361
1706,0.09777777777777764
1707,0.10440414507772017
1708,0.03274074074074074
1709,0.11008928571428558
1710,0.11135294117647045
1711,0.12754601226993856
1712,0.12754601226993856
1713,0.10849673202614361
1714,0.09777777777777764
1715,0.10022222222222205
1716,1.1882474226804123
1717,0.156436170212766
1718,0.10849673202614361
1719,0.10849673202614361
1720,0.12754601226993856
1721,0.11135294117647045
1722,0.10739999999999979
1723,0.10815068493150662
1724,0.11135294117647045
1725,0.11414414414414402
1726,1.5341935483870965
1727,1.5341935483870965
1728,1.5341935483870965
1729,1.1882474226804123
1730,0.10739999999999979
1731,0.10849673202614361
1732,0.113986928104575
1733,0.11943262411347502
1734,0.48961748633879754
1735,1.5341935483870965
1736,1.1882474226804123
1737,0.10440414507772017
1738,0.10440414507772017
1739,0.1947857142857143
1740,1.1882474226804123
1741,1.5341935483870965
1742,1.1882474226804123
1743,0.09777777777777764
1744,0.10849673202614361
1745,0.10815068493150662
1746,0.10440414507772017
1747,0.10022222222222205
1748,0.11135294117647045
1749,0.11135294117647045
1750,0.10440414507772017
1751,0.11008928571428558
1752,0.10022222222222205
1753,0.1036974789915965
1754,0.09777777777777764
1755,0.11135294117647045
1756,0.10739999999999979
1757,0.113986928104575
1758,0.12754601226993856
1759,0.10440414507772017
1760,0.10440414507772017
1761,0.03274074074074074
1762,0.113986928104575
1763,0.1947857142857143
1764,0.48961748633879754
1765,0.10849673202614361
1766,0.10849673202614361
1767,0.10815068493150662
1768,0.13776699029126196
1769,0.6559872611464969
1770,1.5341935483870965
1771,1.1882474226804123
1772,0.6559872611464969
1773,1.1882474226804123
1774,0.31623711340206184
1775,0.2621259842519686
1776,0.11008928571428558
1777,0.10849673202614361
1778,0.10815068493150662
1779,0.6559872611464969
1780,0.48961748633879754
1781,0.1947857142857143
1782,0.113986928104575
1783,0.10849673202614361
1784,0.156436170212766
1785,0.13776699029126196
1786,0.6559872611464969
1787,0.48961748633879754
1788,0.48961748633879754
1789,0.31623711340206184
1790,0.31623711340206184
1791,0.1947857142857143
1792,0.09777777777777764
1793,0.12754601226993856
1794,0.2621259842519686
1795,0.113986928104575
1796,0.1036974789915965
1797,0.113986928104575
1798,0.10739999999999979
1799,0.113986928104575
1800,0.10440414507772017
1801,0.13776699029126196
1802,0.10440414507772017
1803,0.09777777777777764
1804,0.11135294117647045
1805,0.10849673202614361
1806,0.10739999999999979
1807,0.10739999999999979
1808,0.11008928571428558
1809,0.10739999999999979
1810,0.11008928571428558
1811,0.10440414507772017
1812,0.10440414507772017
1813,0.11135294117647045
1814,0.113986928104575
1815,0.113986928104575
1816,0.113986928104575
1817,0.11135294117647045
1818,0.10849673202614361
1819,0.10815068493150662
1820,0.10849673202614361
1821,0.10022222222222205
1822,0.09777777777777764
1823,0.11943262411347502
1824,0.10849673202614361
1825,0.13776699029126196
1826,0.4297368421052632
1827,0.6559872611464969
1828,0.2621259842519686
1829,1.5341935483870965
1830,1.5341935483870965
1831,0.10815068493150662
1832,0.11135294117647045
1833,0.11008928571428558
1834,0.10849673202614361
1835,0.113986928104575
1836,0.113986928104575
1837,0.12754601226993856
1838,1.1882474226804123
1839,1.5341935483870965
1840,1.5341935483870965
1841,1.5341935483870965
1842,0.10849673202614361
1843,0.113986928104575
1844,0.113986928104575
1845,0.48961748633879754
1846,0.31623711340206184
1847,0.1947857142857143
1848,0.4297368421052632
1849,0.31623711340206184
1850,0.1947857142857143
1851,0.156436170212766
1852,0.13776699029126196
1853,0.11943262411347502
1854,0.10440414507772017
1855,0.10440414507772017
1856,0.1947857142857143
1857,0.4297368421052632
1858,0.2621259842519686
1859,0.31623711340206184
1860,0.4022656249999999
1861,0.10815068493150662
1862,0.1036974789915965
1863,0.10815068493150662
1864,0.10573770491803264
1865,0.10849673202614361
1866,0.10849673202614361
1867,0.10739999999999979
1868,0.113986928104575
1869,0.11008928571428558
1870,0.11008928571428558
1871,0.10440414507772017
1872,0.10440414507772017
1873,0.11135294117647045
1874,0.10815068493150662
1875,0.10573770491803264
1876,0.10815068493150662
1877,0.10849673202614361
1878,0.10573770491803264
1879,0.11414414414414402
1880,0.10815068493150662
1881,1.1882474226804123
1882,0.48961748633879754
1883,0.2621259842519686
1884,0.31623711340206184
1885,0.4022656249999999
1886,0.11943262411347502
1887,0.11943262411347502
1888,0.2621259842519686
1889,1.1882474226804123
1890,0.2621259842519686
1891,0.11135294117647045
1892,0.11943262411347502
1893,0.12754601226993856
1894,0.11414414414414402
1895,0.10849673202614361
1896,0.113986928104575
1897,0.10440414507772017
1898,0.1947857142857143
1899,1.1882474226804123
1900,1.1882474226804123
1901,0.10815068493150662
1902,0.11135294117647045
1903,0.12754601226993856
1904,0.12754601226993856
1905,0.156436170212766
1906,1.5341935483870965
1907,1.5341935483870965
1908,1.1882474226804123
1909,1.1882474226804123
1910,0.2621259842519686
1911,0.113986928104575
1912,0.1036974789915965
1913,0.11943262411347502
1914,0.1947857142857143
1915,0.2621259842519686
1916,1.5341935483870965
1917,1.5341935483870965
1918,0.1947857142857143
1919,0.156436170212766
1920,0.11008928571428558
1921,0.113986928104575
1922,0.11008928571428558
1923,0.11414414414414402
1924,0.10440414507772017
1925,0.1947857142857143
1926,0.10815068493150662
1927,0.11943262411347502
1928,0.10815068493150662
1929,0.10440414507772017
1930,0.10815068493150662
1931,0.10573770491803264
1932,0.12754601226993856
1933,0.11943262411347502
1934,0.11414414414414402
1935,0.11943262411347502
1936,0.10573770491803264
1937,0.11943262411347502
1938,0.2621259842519686
1939,0.1947857142857143
1940,0.4297368421052632
1941,0.11008928571428558
1942,0.1947857142857143
1943,0.4297368421052632
1944,1.5341935483870965
1945,1.5341935483870965
1946,1.1882474226804123
1947,0.10573770491803264
1948,0.12754601226993856
1949,0.1947857142857143
1950,1.5341935483870965
1951,1.5341935483870965
1952,1.5341935483870965
1953,0.4022656249999999
1954,0.4022656249999999
1955,0.4022656249999999
1956,0.11135294117647045
1957,0.10815068493150662
1958,0.11414414414414402
1959,0.48961748633879754
1960,0.156436170212766
1961,0.156436170212766
1962,0.10849673202614361
1963,0.10440414507772017
1964,0.12754601226993856
1965,0.10849673202614361
1966,0.11135294117647045
1967,0.11008928571428558
1968,0.1036974789915965
1969,0.10573770491803264
1970,0.11008928571428558
1971,0.11135294117647045
1972,0.03274074074074074
1973,0.10815068493150662
1974,0.12754601226993856
1975,0.1036974789915965
1976,0.10815068493150662
1977,0.113986928104575
1978,0.11135294117647045
1979,0.10815068493150662
1980,0.10849673202614361
1981,0.10573770491803264
1982,0.11414414414414402
1983,0.10815068493150662
1984,0.10573770491803264
1985,0.11414414414414402
1986,0.10573770491803264
1987,0.11943262411347502
1988,0.10739999999999979
1989,0.10739999999999979
1990,0.10739999999999979
1991,0.11135294117647045
1992,0.10739999999999979
1993,0.10815068493150662
1994,0.11135294117647045
1995,0.10573770491803264
1996,0.11008928571428558
1997,0.10440414507772017
1998,0.1947857142857143
1999,0.4297368421052632
2000,0.31623711340206184
2001,0.31623711340206184
2002,0.31623711340206184
2003,0.31623711340206184
2004,0.156436170212766
2005,0.113986928104575
2006,0.11135294117647045
2007,0.10573770491803264
2008,0.12754601226993856
2009,0.48961748633879754
2010,0.2621259842519686
2011,0.11135294117647045
2012,0.10573770491803264
2013,0.10815068493150662
2014,0.4297368421052632
2015,0.31623711340206184
2016,0.31623711340206184
2017,0.11943262411347502
2018,0.1947857142857143
2019,0.156436170212766
2020,0.10573770491803264
2021,0.13776699029126196
2022,0.10573770491803264
2023,0.31623711340206184
2024,0.4297368421052632
2025,0.48961748633879754
2026,0.31623711340206184
2027,0.1947857142857143
2028,0.1036974789915965
2029,0.13776699029126196
2030,0.10573770491803264
2031,1.1882474226804123
2032,1.5341935483870965
2033,1.1882474226804123
2034,0.156436170212766
2035,0.10573770491803264
2036,0.13776699029126196
2037,0.10573770491803264
2038,0.10573770491803264
2039,0.10849673202614361
2040,0.13776699029126196
2041,0.10440414507772017
2042,0.12754601226993856
2043,0.03274074074074074
2044,0.10815068493150662
2045,0.12754601226993856
2046,0.10573770491803264
2047,0.10573770491803264
2048,0.113986928104575
2049,0.10739999999999979
2050,0.10573770491803264
2051,0.10849673202614361
2052,0.10440414507772017
2053,0.13776699029126196
2054,0.31623711340206184
2055,0.2621259842519686
2056,0.10815068493150662
2057,0.1947857142857143
2058,0.2621259842519686
2059,0.2621259842519686
2060,0.11135294117647045
2061,0.10815068493150662
2062,0.10849673202614361
2063,0.113986928104575
2064,0.31623711340206184
2065,0.48961748633879754
2066,0.31623711340206184
2067,0.31623711340206184
2068,0.4022656249999999
2069,0.31623711340206184
2070,0.11943262411347502
2071,0.113986928104575
2072,0.13776699029126196
2073,0.6559872611464969
2074,0.48961748633879754
2075,0.2621259842519686
2076,0.156436170212766
2077,0.10573770491803264
2078,0.1036974789915965
2079,0.113986928104575
2080,0.13776699029126196
2081,0.10440414507772017
2082,0.1947857142857143
2083,0.31623711340206184
2084,0.156436170212766
2085,0.113986928104575
2086,0.10573770491803264
2087,0.10849673202614361
2088,0.13776699029126196
2089,0.11008928571428558
2090,0.11135294117647045
2091,0.10573770491803264
2092,0.10573770491803264
2093,0.10849673202614361
2094,0.13776699029126196
2095,0.10440414507772017
2096,0.10440414507772017
2097,0.10815068493150662
2098,0.10739999999999979
2099,0.12754601226993856
2100,0.1947857142857143
2101,0.4297368421052632
2102,0.1947857142857143
2103,0.4297368421052632
2104,0.31623711340206184
2105,0.156436170212766
2106,0.12754601226993856
2107,0.11943262411347502
2108,0.4297368421052632
2109,0.48961748633879754
2110,0.4022656249999999
2111,0.48961748633879754
2112,0.6559872611464969
2113,0.48961748633879754
2114,0.4022656249999999
2115,0.2621259842519686
2116,0.11943262411347502
2117,0.11943262411347502
2118,0.113986928104575
2119,0.13776699029126196
2120,0.11943262411347502
2121,0.10815068493150662
2122,0.4297368421052632
2123,0.4022656249999999
2124,0.4022656249999999
2125,0.4022656249999999
2126,0.31623711340206184
2127,0.10849673202614361
2128,0.10573770491803264
2129,0.113986928104575
2130,0.10440414507772017
2131,0.10739999999999979
2132,0.10573770491803264
2133,0.10815068493150662
2134,0.11414414414414402
2135,0.10573770491803264
2136,0.11008928571428558
2137,0.10573770491803264
2138,0.11008928571428558
2139,0.10440414507772017
2140,0.11414414414414402
2141,0.10440414507772017
2142,0.10849673202614361
2143,0.10849673202614361
2144,0.10739999999999979
2145,0.10739999999999979
2146,0.1036974789915965
2147,0.10573770491803264
2148,0.11008928571428558
2149,0.10849673202614361
2150,0.11135294117647045
2151,0.10573770491803264
2152,0.113986928104575
2153,0.10440414507772017
2154,0.10573770491803264
2155,0.11414414414414402
2156,0.4022656249999999
2157,0.4022656249999999
2158,0.31623711340206184
2159,0.2621259842519686
2160,0.12754601226993856
2161,0.10573770491803264
2162,0.1947857142857143
2163,0.48961748633879754
2164,0.31623711340206184
2165,0.11943262411347502
2166,0.11414414414414402
2167,0.10849673202614361
2168,0.48961748633879754
2169,0.48961748633879754
2170,0.31623711340206184
2171,0.1947857142857143
2172,0.11135294117647045
2173,0.10849673202614361
2174,0.12754601226993856
2175,0.6559872611464969
2176,0.4022656249999999
2177,0.11008928571428558
2178,0.11135294117647045
2179,0.10815068493150662
2180,0.11943262411347502
2181,0.2621259842519686
2182,0.31623711340206184
2183,0.1947857142857143
2184,0.11943262411347502
2185,0.10573770491803264
2186,0.11135294117647045
2187,0.03274074074074074
2188,0.113986928104575
2189,0.10440414507772017
2190,0.10573770491803264
2191,0.1036974789915965
2192,0.10849673202614361
2193,0.12754601226993856
2194,0.10739999999999979
2195,0.10573770491803264
2196,0.10440414507772017
2197,0.10849673202614361
2198,0.10573770491803264
2199,0.11943262411347502
2200,0.10849673202614361
2201,0.2621259842519686
2202,0.11414414414414402
2203,0.11008928571428558
2204,0.10849673202614361
2205,0.4297368421052632
2206,0.4022656249999999
2207,0.31623711340206184
2208,0.2621259842519686
2209,0.31623711340206184
2210,0.2621259842519686
2211,0.11135294117647045
2212,0.10739999999999979
2213,0.10849673202614361
2214,0.10573770491803264
2215,0.4022656249999999
2216,0.31623711340206184
2217,0.1036974789915965
2218,0.10739999999999979
2219,0.10573770491803264
2220,0.10849673202614361
2221,0.10440414507772017
2222,0.31623711340206184
2223,0.11135294117647045
2224,0.03274074074074074
2225,0.10849673202614361
2226,0.13776699029126196
2227,0.10849673202614361
2228,0.156436170212766
2229,0.1947857142857143
2230,0.31623711340206184
2231,0.48961748633879754
2232,0.31623711340206184
2233,0.12754601226993856
2234,0.10573770491803264
2235,0.13776699029126196
2236,0.10573770491803264
2237,0.31623711340206184
2238,0.11943262411347502
2239,0.10815068493150662
2240,0.10440414507772017
2241,0.10440414507772017
2242,0.10849673202614361
2243,0.10815068493150662
2244,0.10849673202614361
2245,0.1036974789915965
2246,0.10573770491803264
2247,0.10739999999999979
2248,0.11135294117647045
2249,0.10739999999999979
2250,0.13776699029126196
2251,0.10849673202614361
2252,0.11008928571428558
2253,0.13776699029126196
2254,0.1036974789915965
2255,0.10739999999999979
2256,0.10739999999999979
2257,0.10849673202614361
2258,0.10573770491803264
2259,0.10849673202614361
2260,0.1947857142857143
2261,0.4297368421052632
2262,0.1947857142857143
2263,0.6559872611464969
2264,0.156436170212766
2265,0.10573770491803264
2266,0.10440414507772017
2267,0.10815068493150662
2268,0.13776699029126196
2269,0.11943262411347502
2270,0.48961748633879754
2271,0.31623711340206184
2272,0.48961748633879754
2273,0.31623711340206184
2274,0.4022656249999999
2275,0.48961748633879754
2276,0.156436170212766
2277,0.10815068493150662
2278,0.12754601226993856
2279,0.11943262411347502
2280,0.10849673202614361
2281,0.113986928104575
2282,0.13776699029126196
2283,0.1947857142857143
2284,0.31623711340206184
2285,0.4297368421052632
2286,0.4022656249999999
2287,0.11135294117647045
2288,0.10739999999999979
2289,0.11008928571428558
2290,0.11008928571428558
2291,0.6559872611464969
2292,0.1036974789915965
2293,0.10573770491803264
2294,0.11008928571428558
2295,0.1947857142857143
2296,0.31623711340206184
2297,0.48961748633879754
2298,0.31623711340206184
2299,0.10739999999999979
2300,0.10739999999999979
2301,0.10573770491803264
2302,0.13776699029126196
2303,0.10573770491803264
2304,0.10815068493150662
2305,0.10739999999999979
2306,0.10573770491803264
2307,0.11135294117647045
2308,0.11135294117647045
2309,0.10573770491803264
2310,0.10573770491803264
2311,0.10440414507772017
2312,0.11135294117647045
2313,0.10739999999999979
2314,0.10815068493150662
2315,0.11008928571428558
2316,0.10573770491803264
2317,0.4297368421052632
2318,0.11135294117647045
2319,0.11943262411347502
2320,0.113986928104575
2321,0.12754601226993856
2322,0.48961748633879754
2323,0.6559872611464969
2324,0.2621259842519686
2325,0.11943262411347502
2326,0.11135294117647045
2327,0.11943262411347502
2328,0.12754601226993856
2329,0.4297368421052632
2330,0.4022656249999999
2331,0.6559872611464969
2332,0.10849673202614361
2333,0.03274074074074074
2334,0.03274074074074074
2335,0.03274074074074074
2336,0.03274074074074074
2337,0.03274074074074074
2338,0.03274074074074074
2339,0.03274074074074074
2340,0.03274074074074074
2341,0.03274074074074074
2342,0.03274074074074074
2343,0.03274074074074074
2344,0.03274074074074074
2345,0.03274074074074074
2346,0.03274074074074074
2347,0.03274074074074074
2348,0.6559872611464969
2349,0.48961748633879754
2350,0.156436170212766
2351,0.11414414414414402
2352,0.113986928104575
2353,0.10815068493150662
2354,0.11135294117647045
2355,0.12754601226993856
2356,0.1036974789915965
2357,0.10815068493150662
2358,0.11008928571428558
2359,0.113986928104575
2360,0.10739999999999979
2361,0.113986928104575
2362,0.31623711340206184
2363,0.48961748633879754
2364,0.156436170212766
2365,0.10573770491803264
2366,0.10440414507772017
2367,0.11943262411347502
2368,0.6559872611464969
2369,0.156436170212766
2370,0.10739999999999979
2371,0.10573770491803264
2372,0.10440414507772017
2373,0.11943262411347502
2374,0.4297368421052632
2375,0.4297368421052632
2376,0.48961748633879754
2377,0.10739999999999979
2378,0.10440414507772017
2379,0.10815068493150662
2380,0.10573770491803264
2381,0.10573770491803264
2382,0.10849673202614361
2383,0.10739999999999979
2384,0.10849673202614361
2385,0.03274074074074074
2386,0.03274074074074074
2387,0.03274074074074074
2388,0.03274074074074074
2389,0.03274074074074074
2390,0.03274074074074074
2391,0.03274074074074074
2392,0.03274074074074074
2393,0.03274074074074074
2394,0.03274074074074074
2395,0.03274074074074074
2396,0.03274074074074074
2397,0.03274074074074074
2398,0.03274074074074074
2399,0.03274074074074074
2400,0.03274074074074074
2401,0.03274074074074074
2402,0.03274074074074074
2403,0.03274074074074074
2404,0.03274074074074074
2405,0.03274074074074074
2406,0.03274074074074074
2407,0.03274074074074074
2408,0.03274074074074074
2409,0.03274074074074074
2410,0.03274074074074074
2411,0.4297368421052632
2412,0.6559872611464969
2413,0.4022656249999999
2414,0.156436170212766
2415,0.10739999999999979
2416,0.12754601226993856
2417,0.10573770491803264
2418,0.11943262411347502
2419,0.48961748633879754
2420,0.4022656249999999
2421,0.6559872611464969
2422,0.48961748633879754
2423,0.4022656249999999
2424,0.4022656249999999
2425,0.12754601226993856
2426,0.113986928104575
2427,0.11008928571428558
2428,0.1947857142857143
2429,0.1947857142857143
2430,0.4297368421052632
2431,0.4297368421052632
2432,0.31623711340206184
2433,0.4022656249999999
2434,0.48961748633879754
2435,0.31623711340206184
2436,0.11943262411347502
2437,0.10739999999999979
2438,0.113986928104575
2439,0.11414414414414402
2440,0.11943262411347502
2441,0.10440414507772017
2442,0.48961748633879754
2443,0.48961748633879754
2444,0.48961748633879754
2445,0.156436170212766
2446,0.11943262411347502
2447,0.48961748633879754
2448,0.48961748633879754
2449,0.4022656249999999
2450,0.48961748633879754
2451,0.31623711340206184
2452,0.31623711340206184
2453,0.10573770491803264
2454,0.11135294117647045
2455,0.10573770491803264
2456,0.1036974789915965
2457,0.10573770491803264
2458,0.11135294117647045
2459,0.10815068493150662
2460,0.13776699029126196
2461,0.10440414507772017
2462,0.10573770491803264
2463,0.10739999999999979
2464,0.11135294117647045
2465,0.11135294117647045
2466,0.10815068493150662
2467,0.10849673202614361
2468,0.10573770491803264
2469,0.48961748633879754
2470,0.48961748633879754
2471,0.2621259842519686
2472,0.10849673202614361
2473,0.113986928104575
2474,0.10849673202614361
2475,0.48961748633879754
2476,0.2621259842519686
2477,0.6559872611464969
2478,0.10849673202614361
2479,0.10849673202614361
2480,0.11943262411347502
2481,0.4022656249999999
2482,0.4022656249999999
2483,0.2621259842519686
2484,0.113986928104575
2485,0.10573770491803264
2486,0.11943262411347502
2487,0.13776699029126196
2488,0.113986928104575
2489,0.31623711340206184
2490,0.31623711340206184
2491,0.4022656249999999
2492,0.31623711340206184
2493,0.48961748633879754
2494,0.4022656249999999
2495,0.113986928104575
2496,0.11943262411347502
2497,0.48961748633879754
2498,0.31623711340206184
2499,0.1947857142857143
2500,0.4297368421052632
2501,0.10739999999999979
2502,0.10739999999999979
2503,0.10815068493150662
2504,0.10573770491803264
2505,0.10815068493150662
2506,0.10815068493150662
2507,0.1036974789915965
2508,0.10573770491803264
2509,0.113986928104575
2510,0.113986928104575
2511,0.113986928104575
2512,0.10440414507772017
2513,0.10440414507772017
2514,0.1036974789915965
2515,0.10739999999999979
2516,0.113986928104575
2517,0.10849673202614361
2518,0.10440414507772017
2519,0.10573770491803264
2520,0.10815068493150662
2521,0.10739999999999979
2522,0.03274074074074074
2523,0.10573770491803264
2524,0.10739999999999979
2525,0.11135294117647045
2526,0.10573770491803264
2527,0.03274074074074074
2528,0.11135294117647045
2529,0.10440414507772017
2530,0.11943262411347502
2531,0.1036974789915965
2532,0.113986928104575
2533,0.10440414507772017
2534,0.11008928571428558
2535,0.10573770491803264
2536,0.10739999999999979
2537,0.11943262411347502
2538,0.10440414507772017
2539,0.10440414507772017
2540,0.48961748633879754
2541,0.2621259842519686
2542,0.11135294117647045
2543,0.10573770491803264
2544,0.11135294117647045
2545,0.11943262411347502
2546,0.13776699029126196
2547,0.10440414507772017
2548,0.10440414507772017
2549,0.10573770491803264
2550,0.10573770491803264
2551,0.11135294117647045
2552,0.11008928571428558
2553,0.113986928104575
2554,0.10440414507772017
2555,0.10573770491803264
2556,0.11008928571428558
2557,0.10440414507772017
2558,0.10573770491803264
2559,0.13776699029126196
2560,0.10573770491803264
2561,0.10815068493150662
2562,0.10573770491803264
2563,0.10573770491803264
2564,0.11135294117647045
2565,0.11008928571428558
2566,0.1036974789915965
2567,0.10849673202614361
2568,0.1036974789915965
2569,0.10849673202614361
2570,0.10849673202614361
2571,0.10573770491803264
2572,0.10573770491803264
2573,0.13776699029126196
2574,0.10849673202614361
2575,0.10849673202614361
2576,0.10849673202614361
2577,0.11008928571428558
2578,0.11414414414414402
2579,0.0999999999999999
2580,0.11414414414414402
2581,0.10239520958083818
2582,0.0999999999999999
2583,0.10239520958083818
2584,0.1036974789915965
2585,0.113986928104575
2586,0.0999999999999999
2587,0.11135294117647045
2588,0.0999999999999999
2589,0.10239520958083818
2590,0.1947857142857143
2591,0.1947857142857143
2592,0.1947857142857143
2593,0.1947857142857143
2594,0.1947857142857143
2595,0.11414414414414402
2596,0.31623711340206184
2597,0.31623711340206184
2598,0.4297368421052632
2599,0.1947857142857143
2600,0.1036974789915965
2601,0.11943262411347502
2602,0.10739999999999979
2603,0.10815068493150662
2604,0.11135294117647045
2605,0.11943262411347502
2606,0.11414414414414402
2607,0.2621259842519686
2608,0.12754601226993856
2609,0.113986928104575
2610,0.10815068493150662
2611,0.10239520958083818
2612,0.10239520958083818
2613,0.1036974789915965
2614,0.10239520958083818
2615,0.10739999999999979
2616,0.10815068493150662
2617,0.113986928104575
2618,0.12754601226993856
2619,0.113986928104575
2620,0.113986928104575
2621,0.113986928104575
2622,0.11008928571428558
2623,0.2621259842519686
2624,0.31623711340206184
2625,0.31623711340206184
2626,0.2621259842519686
2627,0.1947857142857143
2628,0.11943262411347502
2629,0.11943262411347502
2630,0.113986928104575
2631,0.48961748633879754
2632,0.4297368421052632
2633,0.2621259842519686
2634,0.48961748633879754
2635,0.31623711340206184
2636,0.48961748633879754
2637,0.156436170212766
2638,0.11943262411347502
2639,0.11943262411347502
2640,0.31623711340206184
2641,0.48961748633879754
2642,0.48961748633879754
2643,0.11943262411347502
2644,0.11135294117647045
2645,0.113986928104575
2646,0.31623711340206184
2647,0.48961748633879754
2648,0.2621259842519686
2649,0.11943262411347502
2650,0.11943262411347502
2651,0.48961748633879754
2652,0.4022656249999999
2653,0.03274074074074074
2654,0.11008928571428558
2655,0.03274074074074074
2656,0.10739999999999979
2657,0.10239520958083818
2658,0.10239520958083818
2659,0.10239520958083818
2660,0.10440414507772017
2661,0.10239520958083818
2662,0.1036974789915965
2663,0.10739999999999979
2664,0.0999999999999999
2665,0.03274074074074074
2666,0.10239520958083818
2667,0.11414414414414402
2668,0.10440414507772017
2669,0.10239520958083818
2670,0.10440414507772017
2671,0.31623711340206184
2672,0.6559872611464969
2673,0.11943262411347502
2674,0.11943262411347502
2675,0.11135294117647045
2676,0.156436170212766
2677,0.10440414507772017
2678,0.6559872611464969
2679,0.156436170212766
2680,0.6559872611464969
2681,0.6559872611464969
2682,0.6559872611464969
2683,0.48961748633879754
2684,0.48961748633879754
2685,0.13776699029126196
2686,0.11943262411347502
2687,0.13776699029126196
2688,0.48961748633879754
2689,0.6559872611464969
2690,0.48961748633879754
2691,0.48961748633879754
2692,0.12754601226993856
2693,0.11943262411347502
2694,0.11943262411347502
2695,0.48961748633879754
2696,0.31623711340206184
2697,0.31623711340206184
2698,0.4022656249999999
2699,0.48961748633879754
2700,0.10739999999999979
2701,0.11943262411347502
2702,0.113986928104575
2703,0.11008928571428558
2704,0.48961748633879754
2705,0.48961748633879754
2706,0.48961748633879754
2707,0.48961748633879754
2708,0.31623711340206184
2709,1.1882474226804123
2710,0.48961748633879754
2711,0.31623711340206184
2712,0.31623711340206184
2713,0.11943262411347502
2714,0.11943262411347502
2715,0.11943262411347502
2716,0.11943262411347502
2717,0.156436170212766
2718,0.12754601226993856
2719,0.0999999999999999
2720,0.03274074074074074
2721,0.03274074074074074
2722,0.03274074074074074
2723,0.03274074074074074
2724,0.03274074074074074
2725,0.03274074074074074
2726,0.03274074074074074
2727,0.03274074074074074
2728,0.03274074074074074
2729,0.03274074074074074
2730,0.03274074074074074
2731,0.03274074074074074
2732,0.03274074074074074
2733,0.03274074074074074
2734,0.03274074074074074
2735,0.03274074074074074
2736,0.03274074074074074
2737,0.4297368421052632
2738,0.156436170212766
2739,0.12754601226993856
2740,0.156436170212766
2741,0.12754601226993856
2742,0.2621259842519686
2743,0.48961748633879754
2744,0.2621259842519686
2745,0.4022656249999999
2746,0.31623711340206184
2747,0.31623711340206184
2748,0.12754601226993856
2749,0.12754601226993856
2750,0.156436170212766
2751,0.12754601226993856
2752,0.4297368421052632
2753,0.2621259842519686
2754,0.2621259842519686
2755,0.2621259842519686
2756,0.2621259842519686
2757,0.11943262411347502
2758,0.6559872611464969
2759,0.48961748633879754
2760,0.156436170212766
2761,0.4297368421052632
2762,0.4022656249999999
2763,0.31623711340206184
2764,0.156436170212766
2765,0.12754601226993856
2766,0.12754601226993856
2767,0.156436170212766
2768,0.11943262411347502
2769,0.2621259842519686
2770,0.4022656249999999
2771,0.31623711340206184
2772,0.2621259842519686
2773,0.1947857142857143
2774,0.156436170212766
2775,0.12754601226993856
2776,0.12754601226993856
2777,0.08025862068965524
2778,0.12754601226993856
2779,0.11943262411347502
2780,0.12754601226993856
2781,0.12754601226993856
2782,0.12754601226993856
2783,0.12754601226993856
2784,0.12754601226993856
2785,0.12754601226993856
2786,0.08025862068965524
2787,0.12754601226993856
2788,0.12754601226993856
2789,0.12754601226993856
2790,0.12754601226993856
2791,0.12754601226993856
2792,0.12754601226993856
2793,0.08025862068965524
2794,0.11943262411347502
2795,0.12754601226993856
2796,0.12754601226993856
2797,0.08025862068965524
2798,0.4297368421052632
2799,0.12754601226993856
2800,0.12754601226993856
2801,0.12754601226993856
2802,0.12754601226993856
2803,0.4297368421052632
2804,0.6559872611464969
2805,0.31623711340206184
2806,0.4022656249999999
2807,0.4022656249999999
2808,0.4022656249999999
2809,0.2621259842519686
2810,0.08025862068965524
2811,0.12754601226993856
